Amount,Hour,Category,Distance,Class
290.18,17,Online,24.6,1
99.99,7,Wire,29.7,1
47.85,21,Grocery,3.5,0
1.0,12,Wire,24.8,1
11.99,22,Online,3.4,0
156.0,20,ATM,14.9,1
252.92,23,Online,41.3,1
15.21,22,Online,2.0,0
4.49,22,Grocery,2.3,0
24.99,18,Restaurant,3.0,0
27.99,21,Retail,5.0,0
29.99,15,Grocery,18.4,0
31.99,22,Restaurant,3.2,0
146.89,12,Retail,11.8,0
1.0,7,Restaurant,5.6,0
45.77,20,Online,3.4,0
4.68,19,Restaurant,2.6,0
69.95,11,Restaurant,2.9,0
2.99,20,Grocery,3.9,0
22.98,17,Retail,3.9,0
194.93,10,Retail,2.2,0
16.02,17,Retail,0.9,0
229.88,10,Retail,6.5,0
119.35,11,Retail,1.6,0
200.0,9,Grocery,7.2,0
41.6,16,Restaurant,2.9,0
30.04,11,Restaurant,5.3,0
186.0,10,Grocery,4.8,0
10.0,10,Online,1.0,0
78.0,2,Online,31.1,1
0.0,23,ATM,32.2,1
60.43,10,Online,3.2,0
22.66,15,Retail,10.4,0
10.0,13,Retail,1.8,0
5.0,10,Restaurant,1.4,0
10.0,22,Grocery,8.8,0
83.3,12,Retail,8.7,0
1.0,7,Gas,2.2,0
717.15,9,ATM,25.7,1
104.3,20,Grocery,4.7,0
17.18,14,Grocery,2.3,0
1.0,17,Gas,2.8,0
29.99,9,Restaurant,8.9,0
144.0,10,Online,2.1,0
17.99,5,Restaurant,1.2,0
12.95,18,Restaurant,1.8,0
47.19,8,Restaurant,1.4,0
9.35,7,Gas,1.8,0
1.0,2,ATM,10.6,1
4.32,1,Grocery,3.1,0
45.0,4,Grocery,2.1,0
37.21,21,Restaurant,3.2,0
224.0,19,Grocery,1.7,0
54.99,15,Grocery,2.8,0
87.0,12,Restaurant,0.5,0
99.99,14,ATM,8.1,1
10.0,2,Retail,1.6,0
0.81,13,Gas,4.9,0
15.13,2,Grocery,6.7,0
9.79,15,Grocery,2.0,0
11.76,10,Retail,1.7,0
1.98,20,Grocery,9.5,0
0.99,23,Grocery,4.2,0
1.29,14,Restaurant,3.1,0
1.18,15,Grocery,4.3,0
0.77,14,Retail,40.4,1
30.23,1,Online,3.7,0
484.0,15,Grocery,3.9,0
1.98,10,Grocery,3.2,0
9.99,16,Restaurant,4.2,0
44.17,18,Restaurant,1.7,0
229.7,13,Grocery,1.3,0
27.68,19,Grocery,3.9,0
11.5,18,Restaurant,2.1,0
4.7,12,Gas,7.2,0
979.86,17,Wire,3.9,0
13.99,7,Online,3.7,0
0.76,12,Grocery,3.2,0
7.57,22,Wire,5.8,1
1.0,16,Restaurant,2.3,0
1.79,22,Grocery,1.9,0
35.2,16,Retail,2.8,0
138.44,20,Online,1.0,0
240.77,23,Online,13.7,1
116.25,17,Retail,1.0,0
139.98,19,Grocery,10.1,0
789.7,10,Online,6.5,0
34.12,11,Online,14.0,1
85.0,22,Grocery,3.6,0
0.76,15,Restaurant,2.4,0
8.0,16,Online,38.9,1
1.0,6,Gas,1.4,0
42.8,21,Grocery,5.1,0
130.0,12,Retail,4.2,0
1.52,9,Online,58.1,1
88.61,17,Grocery,3.4,0
86.12,16,Online,4.6,0
9.95,18,Gas,7.0,0
0.76,17,Gas,1.1,0
104.03,2,Online,37.4,1
165.0,16,Retail,2.1,0
0.89,16,Gas,6.2,0
120.0,19,Retail,2.2,0
310.42,23,Online,39.1,1
0.99,17,Restaurant,1.0,0
62.53,4,Restaurant,1.8,0
13.61,11,Retail,9.5,0
79.0,14,Retail,3.4,0
316.06,2,ATM,53.8,1
1.98,23,Restaurant,8.8,0
5.99,16,Gas,4.6,0
194.0,12,Online,2.3,0
0.76,18,Grocery,3.4,0
2.29,20,Restaurant,7.0,0
5.99,13,Gas,16.4,0
0.77,18,Retail,14.0,1
11.46,22,Grocery,1.7,0
53.95,14,Restaurant,2.3,0
601.8,3,Wire,3.0,0
286.58,0,Online,2.2,0
60.6,9,Online,71.0,1
140.0,20,Online,2.9,0
242.8,9,Retail,1.6,0
0.76,11,Gas,3.2,0
7.06,19,ATM,27.1,1
61.18,14,Grocery,2.8,0
175.02,10,Online,12.4,0
0.9,13,Restaurant,2.7,0
8.99,23,Gas,1.3,0
1.0,2,Wire,32.0,1
609.0,12,Online,5.9,0
1.1,17,Wire,27.5,1
3.84,7,Grocery,3.9,0
79.99,9,Retail,8.4,0
0.72,22,Restaurant,2.4,0
111.7,9,Wire,200.0,1
1.98,10,Restaurant,1.1,0
0.01,2,Restaurant,2.5,0
1.0,11,ATM,57.9,1
105.4,13,Grocery,4.1,0
49.9,17,Retail,6.1,0
94.88,23,Restaurant,6.0,0
9.51,20,Grocery,3.0,0
12.95,18,Grocery,5.6,0
9.49,23,Grocery,4.9,0
214.0,9,Grocery,5.8,0
1.0,14,Gas,3.5,0
10.4,17,Grocery,2.0,0
63.96,22,Restaurant,3.3,0
213.78,16,Online,6.0,0
10.0,16,Grocery,6.7,0
11.99,0,Retail,2.7,0
1.98,10,Gas,7.3,0
120.0,16,Grocery,5.3,0
150.0,15,Online,2.3,0
0.76,13,Wire,16.8,1
67.5,22,Grocery,3.7,0
22.99,14,Retail,2.4,0
38.5,14,Restaurant,5.8,0
6.74,18,Wire,25.6,1
39.45,14,Online,81.2,1
1.0,18,Online,38.5,1
44.9,2,ATM,5.7,1
6.96,17,Grocery,2.8,0
4.99,20,Restaurant,4.6,0
87.5,14,Grocery,1.2,0
118.66,19,Online,3.0,0
27.78,8,Restaurant,12.6,0
70.0,22,Restaurant,5.1,0
8.99,12,Restaurant,2.9,0
1.0,14,Restaurant,2.4,0
0.0,17,Wire,17.9,1
71.21,17,Online,1.4,0
40.0,22,Online,5.2,0
8.94,10,Grocery,4.8,0
5.34,20,Gas,6.0,0
276.17,12,Online,13.4,1
5.0,21,Restaurant,3.3,0
1.79,17,Gas,2.3,0
9.99,22,Restaurant,3.8,0
53.9,18,Restaurant,22.5,0
100.0,12,Grocery,5.9,0
7.58,13,Online,15.5,1
13.51,16,Grocery,7.6,0
188.78,5,Online,19.2,1
1.53,9,Restaurant,14.9,0
1.79,21,Grocery,8.8,0
298.0,17,Retail,2.4,0
119.0,10,Online,3.9,0
5.94,13,Gas,5.3,0
42.91,0,Grocery,2.9,0
202.7,18,Grocery,4.2,0
1.98,16,Restaurant,16.7,0
30.0,10,Online,5.4,0
2.92,17,Restaurant,1.9,0
55.0,21,Restaurant,2.9,0
10.99,10,Retail,0.7,0
67.9,11,ATM,39.8,1
102.96,12,Online,6.6,0
6.99,0,Gas,7.4,0
1.98,20,Restaurant,1.8,0
1200.0,13,Retail,1.4,0
33.0,14,Grocery,4.7,0
48.97,8,Retail,7.2,0
10.0,13,Grocery,8.3,0
8.7,15,Gas,14.5,0
1.0,21,Online,18.8,1
251.76,9,Retail,2.8,0
60.0,10,Retail,2.6,0
15.99,19,Online,1.7,0
324.59,15,Wire,27.3,1
21.02,12,Online,3.4,0
299.0,9,Retail,3.8,0
1.18,14,Online,24.9,1
39.0,14,Restaurant,3.3,0
79.0,9,Retail,5.5,0
4.49,18,Restaurant,7.2,0
5.07,15,Gas,5.3,0
209.33,15,Online,12.0,0
18.98,16,Grocery,2.7,0
11.27,5,Grocery,2.0,0
11.99,19,Retail,10.3,0
1.0,23,Restaurant,5.8,0
431.25,17,Online,3.0,0
19.98,19,Online,1.8,0
8.99,20,Restaurant,4.0,0
83.7,22,Grocery,2.6,0
1.98,20,Gas,9.5,0
11.84,11,Retail,1.3,0
19.02,9,ATM,98.0,1
49.9,0,Online,3.5,0
17.39,17,ATM,12.4,1
4.79,18,Grocery,3.0,0
3.79,11,Online,69.1,1
1.0,15,Gas,4.5,0
19.0,12,Grocery,2.1,0
57.19,15,Grocery,1.8,0
1.98,20,Gas,1.5,0
5.91,16,Wire,78.8,1
43.4,8,Retail,2.1,0
47.96,20,Restaurant,4.8,0
51.9,8,Restaurant,1.1,0
0.22,22,Restaurant,1.2,0
728.0,11,Retail,3.3,0
115.4,18,Online,1.2,0
25.33,17,Retail,1.5,0
16.88,23,Restaurant,4.5,0
17.99,14,Retail,2.4,0
10.55,18,Retail,3.5,0
153.46,15,Online,46.9,1
27.84,20,Grocery,7.2,0
222.0,10,Retail,7.9,0
13.98,9,Online,3.2,0
1.0,1,Wire,17.4,1
1.0,2,ATM,11.5,1
7.99,11,Restaurant,5.7,0
17.0,22,Grocery,4.7,0
1.54,15,Grocery,6.9,0
1.0,14,Gas,5.4,0
1.0,21,Restaurant,1.5,0
1.0,22,Online,54.8,1
20.0,18,Grocery,6.5,0
10.0,15,Restaurant,1.8,0
34.49,13,Grocery,3.4,0
56.0,22,Restaurant,5.3,0
75.0,11,Restaurant,1.3,0
121.45,22,Grocery,0.8,0
350.0,23,Retail,4.0,0
1.29,12,Gas,4.0,0
63.22,18,Restaurant,2.2,0
16.99,15,Grocery,5.0,0
70.0,13,Grocery,0.7,0
16.98,15,Grocery,1.0,0
24.13,12,Restaurant,3.2,0
0.76,12,Gas,5.0,0
60.83,3,Retail,1.4,0
1.0,12,Online,26.1,1
150.0,10,Retail,7.2,0
11.37,19,Restaurant,7.6,0
59.99,1,Retail,2.1,0
4.0,3,Grocery,5.6,0
2.69,7,Grocery,3.9,0
345.13,10,Retail,2.3,0
93.8,9,Restaurant,1.2,0
35.85,9,Restaurant,2.2,0
12.31,10,Retail,17.5,1
12.11,23,Online,2.9,0
12.0,12,Restaurant,2.1,0
45.0,15,Grocery,1.2,0
7.61,9,Online,56.8,1
98.23,16,Retail,1.4,0
43.9,22,Restaurant,8.9,0
26.68,10,Grocery,2.0,0
95.0,19,Grocery,1.9,0
1.0,9,Gas,5.7,0
112.85,11,Online,4.3,0
150.0,9,Retail,3.9,0
165.0,9,Retail,4.3,0
15.0,10,Online,4.9,0
296.0,9,Online,6.3,0
1.98,6,Grocery,2.4,0
11.0,10,Online,98.2,1
1.0,19,Online,62.9,1
188.52,2,Online,37.3,1
227.3,19,ATM,8.2,1
365.36,14,Grocery,1.2,0
0.0,0,ATM,106.2,1
1.0,15,Restaurant,2.1,0
7.99,17,Restaurant,2.8,0
1000.0,10,ATM,2.2,0
1.0,11,ATM,21.1,1
259.7,20,Grocery,3.6,0
139.98,22,Retail,5.6,0
4.56,0,Restaurant,5.4,0
0.77,19,Online,10.6,1
261.87,14,Retail,63.1,1
1.0,12,Wire,54.0,1
32.0,18,Grocery,5.2,0
204.9,21,Online,3.1,0
35.0,9,Retail,0.8,0
20.4,12,Restaurant,2.2,0
44.36,23,Online,2.1,0
1.75,16,Wire,200.0,1
0.76,14,Restaurant,3.6,0
1.5,13,Grocery,3.0,0
59.14,15,Grocery,2.7,0
9.99,13,Grocery,2.0,0
874.58,17,ATM,5.8,0
44.77,9,Grocery,1.3,0
68.89,21,Online,2.1,0
98.01,18,ATM,76.8,1
99.99,9,Grocery,4.4,0
1.0,12,Grocery,1.7,0
26.55,2,Restaurant,1.7,0
0.0,17,Online,35.3,1
8.99,8,Restaurant,0.9,0
28.0,11,Grocery,1.9,0
0.0,14,Grocery,1.1,0
3.31,10,Grocery,1.9,0
1.0,14,Grocery,3.2,0
47.72,13,Restaurant,18.2,0
7.82,21,Grocery,1.9,0
5.38,13,Gas,8.7,0
10.0,23,Online,1.2,0
0.89,22,Restaurant,3.5,0
30.99,12,Restaurant,4.8,0
6.75,23,Gas,9.1,0
1.0,21,ATM,34.5,1
59.7,14,Restaurant,3.0,0
1.0,21,Online,51.3,1
10.0,23,Restaurant,1.0,0
0.76,15,Retail,113.7,1
24.95,18,Grocery,1.6,0
112.61,12,Retail,3.6,0
37.08,21,Retail,3.9,0
46.91,11,Retail,1.3,0
0.89,10,Grocery,2.3,0
43.1,15,Restaurant,1.5,0
5.45,16,Grocery,1.9,0
21.73,21,Grocery,6.2,0
127.14,20,Wire,21.2,1
667.55,16,Retail,5.5,1
129.08,20,Grocery,3.7,0
2.22,16,Retail,195.4,1
105.28,10,Online,2.7,0
43.92,16,Restaurant,5.4,0
399.63,20,Retail,4.8,0
130.21,13,Wire,163.3,1
16.0,19,Restaurant,1.2,0
75.95,16,Grocery,3.4,0
286.4,8,Online,4.6,0
2.28,4,ATM,56.1,1
202.0,12,Retail,0.9,0
6.81,9,Gas,7.1,0
30.0,10,Grocery,3.0,0
11.71,11,Grocery,4.5,0
1.29,21,Restaurant,10.8,0
105.89,8,Online,104.3,1
29.95,19,Grocery,5.0,0
50.2,21,Restaurant,6.6,0
1.0,0,Grocery,4.1,0
119.75,9,Online,6.4,0
51.95,11,Grocery,1.1,0
104.07,14,Grocery,2.6,0
96.0,10,Grocery,2.4,0
444.98,1,Online,3.4,0
2.5,10,Gas,3.1,0
24.67,19,Retail,0.4,0
0.77,20,Online,22.8,1
56.0,9,Grocery,3.6,0
888.61,19,Online,4.5,0
12.99,17,Retail,5.4,0
4.57,21,Gas,1.9,0
22.04,4,Retail,200.0,1
3.79,12,Restaurant,12.7,0
0.76,11,Retail,11.2,1
7.94,14,Restaurant,4.8,0
1.0,2,Retail,82.9,1
36.97,20,Retail,2.8,0
39.2,21,Grocery,3.0,0
79.67,19,Online,1.2,0
55.34,19,Grocery,2.2,0
238.9,20,Retail,32.2,1
113.86,14,Online,3.3,0
1.0,2,Online,6.4,1
183.19,10,Online,2.4,0
3.58,23,Grocery,3.4,0
73.72,10,Online,8.8,0
0.83,15,ATM,52.1,1
23.0,0,Grocery,0.9,0
0.45,15,Gas,1.6,0
20.0,15,Online,4.6,0
1.29,19,Gas,3.5,0
46.0,15,Grocery,1.7,0
1383.76,12,Wire,4.1,0
96.6,13,Grocery,6.3,0
7.6,19,Restaurant,3.7,0
0.69,11,Gas,3.2,0
219.6,8,Online,4.7,0
451.27,0,Online,31.0,1
19.42,18,Retail,2.8,0
7.4,13,Restaurant,5.1,0
19.99,20,Grocery,9.3,0
0.86,23,Grocery,1.4,0
1.98,14,Restaurant,7.6,0
447.0,13,Retail,1.8,0
15.0,16,Restaurant,1.6,0
20.39,18,Retail,4.5,0
15.62,23,Online,2.3,0
1.0,18,ATM,34.5,1
0.76,6,Online,22.5,1
155.49,6,Grocery,7.4,0
0.77,16,Restaurant,6.3,0
17.99,10,Online,9.2,0
30.26,11,ATM,21.4,1
42.53,23,Wire,8.9,1
118.0,8,Retail,4.9,0
0.77,10,Grocery,5.5,0
13.99,12,Retail,3.3,0
24.0,21,Grocery,8.4,0
1.98,14,Grocery,3.5,0
300.0,11,Online,3.4,0
512.25,23,Wire,20.1,1
98.44,15,Online,3.4,0
184.01,2,Online,1.1,0
0.89,22,Grocery,2.0,0
15.7,10,Grocery,1.4,0
9.99,20,Restaurant,14.0,0
16.48,20,Online,26.1,1
44.0,17,Online,7.2,0
53.33,3,Grocery,1.6,0
103.45,21,Retail,4.0,0
18.0,1,ATM,32.5,1
3.05,9,Grocery,2.4,0
25.0,11,Wire,28.4,1
9.25,21,Gas,1.4,0
7.21,22,Grocery,1.9,0
1.29,22,Gas,2.4,0
9.0,17,Gas,4.0,0
22.0,9,Grocery,3.2,0
723.21,14,Online,41.4,1
10.84,0,Online,2.9,0
11.6,14,Retail,7.5,0
68.98,23,Online,5.3,0
23.0,9,Retail,6.9,0
1.46,20,Gas,4.7,0
40.0,10,Wire,146.5,1
766.36,4,ATM,34.2,1
60.0,21,Wire,65.1,1
391.68,12,Grocery,0.8,0
865.58,21,Wire,1.5,0
10.65,16,Restaurant,1.4,0
52.0,9,Restaurant,3.5,0
12.95,4,Restaurant,6.1,0
129.94,16,Grocery,6.6,0
109.0,16,Online,3.1,0
29.9,14,Grocery,7.4,0
15.97,21,Restaurant,1.6,0
10.59,22,Restaurant,5.5,0
239.93,1,Retail,68.6,1
39.8,19,Online,3.7,0
0.0,11,Wire,13.3,1
0.2,22,ATM,12.6,1
53.95,11,Retail,98.7,1
2.91,15,Gas,6.0,0
18.31,12,Retail,1.5,0
33.9,7,Retail,9.6,0
1.0,5,Wire,10.4,1
15.94,16,Retail,1.4,0
29.0,9,Retail,11.2,0
44.07,9,Restaurant,2.3,0
64.99,9,Restaurant,4.0,0
97.99,12,Online,6.9,0
1.0,17,Gas,2.9,0
1.29,11,Gas,2.9,0
43.48,12,Grocery,6.1,0
1.0,2,Wire,34.6,1
21.0,15,Retail,0.7,0
4.49,18,Gas,1.0,0
246.24,9,Retail,0.9,0
465.0,9,Retail,2.3,0
44.03,11,Restaurant,2.5,0
0.0,3,Online,37.8,1
4.95,3,Gas,1.1,0
22.09,11,Retail,1.8,0
0.89,21,Restaurant,1.0,0
96.8,22,Restaurant,2.2,0
2.49,3,Restaurant,1.5,0
99.99,7,Retail,32.6,1
0.89,10,Gas,2.4,0
192.08,11,Online,3.3,0
59.95,16,Online,1.8,0
252.92,23,Online,92.7,1
1.0,15,Online,7.8,1
10.0,8,Retail,7.5,0
0.0,6,Grocery,7.8,0
39.9,22,Online,4.9,1
16.32,14,Restaurant,4.4,0
29.0,17,Grocery,1.4,0
1.0,21,Grocery,1.0,0
9.88,23,Restaurant,2.1,0
0.75,19,Gas,2.9,0
24.09,11,Online,1.6,0
4.0,12,Restaurant,2.5,0
507.4,22,Online,5.4,0
863.84,11,Wire,5.6,0
142.0,16,Retail,3.7,0
1.98,6,Restaurant,8.4,0
10.04,21,Restaurant,6.6,0
4.49,21,Grocery,3.3,0
80.0,16,Online,2.3,0
7.9,8,Gas,2.0,0
196.14,17,Retail,2.9,0
79.95,19,Grocery,1.9,0
25.98,15,Restaurant,4.5,0
54.95,14,Grocery,2.2,0
33.03,21,Grocery,4.7,0
34.73,22,Online,6.5,0
8.37,18,Grocery,4.8,0
174.32,22,Retail,3.5,0
694.14,13,Online,1.3,0
738.0,18,Online,4.8,0
17.0,17,Retail,2.1,0
173.07,11,ATM,63.7,1
15.0,18,Grocery,1.6,0
43.0,23,Grocery,14.9,0
125.29,21,Online,8.1,0
19.95,20,Restaurant,4.3,0
0.38,20,Wire,35.3,1
1.79,22,Grocery,3.8,0
1.0,6,Gas,3.9,0
44.82,17,Grocery,1.5,0
1.0,3,ATM,17.3,1
2.3,2,Restaurant,1.6,0
35.0,18,Wire,121.2,1
1.67,7,Restaurant,18.6,0
24.9,18,Online,6.1,0
10.0,21,Grocery,12.2,0
9.21,0,Wire,18.3,1
4.9,20,ATM,29.1,1
0.0,23,Retail,113.6,1
114.12,8,Grocery,3.0,0
400.0,21,Retail,3.3,0
0.77,19,Wire,27.6,1
30.31,2,ATM,51.0,1
20.0,7,Grocery,1.6,0
11.0,10,Restaurant,1.2,0
1.4,12,Gas,2.7,0
39.9,21,Restaurant,4.4,0
600.73,1,Wire,47.2,1
1.0,2,Wire,31.8,1
350.0,9,Retail,1.0,0
0.12,20,Grocery,2.7,0
30.39,3,Wire,38.7,1
0.23,11,Restaurant,4.9,0
40.89,10,Online,2.7,0
99.99,6,Wire,41.2,1
0.01,20,Grocery,2.6,0
0.0,21,Restaurant,6.7,0
3.57,17,Gas,3.1,0
98.9,13,Retail,5.1,0
72.35,11,Online,1.2,0
1.0,17,Restaurant,3.4,0
99.85,21,Online,67.0,1
33.17,18,Grocery,2.2,0
1.0,5,ATM,41.6,1
8.62,23,Grocery,4.2,0
423.6,8,Retail,4.0,0
0.76,22,Grocery,10.4,0
1.0,18,Restaurant,2.1,0
30.0,13,Restaurant,2.4,0
1.79,15,ATM,46.9,1
52.69,1,Wire,114.1,1
0.76,14,Online,84.4,1
15.95,4,Retail,4.9,0
15.0,17,Restaurant,3.2,0
1279.02,16,Online,3.8,0
12.15,14,Grocery,1.2,0
4.64,7,Grocery,3.6,0
1.0,14,Restaurant,3.2,0
43.47,14,Retail,4.8,0
11.4,2,Wire,21.9,1
84.0,9,Restaurant,2.8,0
2.99,22,Gas,4.6,0
10.64,11,Online,3.0,0
7.2,7,Restaurant,1.0,0
1.98,20,Restaurant,3.7,0
1.98,22,Gas,3.4,0
1.0,7,Restaurant,3.0,0
18.56,8,Retail,1.1,0
18.26,22,Online,4.4,0
90.99,11,Restaurant,12.2,0
35.89,19,Grocery,5.5,0
39.32,19,Grocery,7.5,0
924.27,21,Online,3.7,0
12.99,0,Retail,1.0,0
14.0,10,Grocery,9.6,0
1.78,8,Grocery,1.8,0
71.39,7,Retail,4.0,0
1.0,12,Online,37.9,1
237.9,16,Online,3.5,0
685.15,12,Online,3.3,0
15.99,16,Online,4.2,0
0.69,14,ATM,15.4,1
56.0,18,Grocery,2.0,0
1.0,21,Restaurant,7.9,0
0.76,14,ATM,79.0,1
1.29,8,Restaurant,1.1,0
829.41,0,ATM,53.2,1
1.0,18,ATM,39.4,1
16.7,22,Retail,2.7,0
103.75,17,Online,12.7,0
982.11,12,ATM,3.4,0
20.0,4,Restaurant,1.7,0
77.08,20,Grocery,1.0,0
29.2,23,Online,1.1,0
2.99,20,Restaurant,15.3,0
33.05,11,Online,9.2,0
101.42,20,Retail,2.3,0
15.0,23,Online,2.3,0
13.48,16,Retail,7.2,0
15.0,14,Retail,2.9,0
1.98,22,Restaurant,8.0,0
99.99,7,Online,20.8,1
19.95,13,Retail,2.2,0
0.99,1,Gas,1.6,0
81.56,20,Retail,4.2,0
7.57,8,Grocery,6.6,0
32.12,20,Retail,5.2,0
24.81,18,Online,6.7,0
8.85,19,Restaurant,11.0,0
98.75,10,Grocery,2.3,0
0.89,20,Restaurant,1.8,0
16.94,19,Grocery,1.7,0
1.0,16,Restaurant,1.2,0
189.4,11,Grocery,10.1,0
34.9,13,Restaurant,1.1,0
0.01,15,Online,43.6,1
40.72,17,Grocery,4.3,0
29.9,14,Restaurant,1.1,0
1.0,3,Wire,21.1,1
1.38,10,Grocery,5.6,0
94.85,8,Grocery,1.2,0
400.0,17,Grocery,4.1,0
14.86,0,Grocery,1.4,0
1.0,8,Gas,2.6,0
77.89,23,Wire,33.1,1
1.0,22,Restaurant,3.6,0
730.86,7,ATM,27.5,1
59.78,18,Grocery,1.8,0
71.96,22,Grocery,2.7,0
72.6,19,Grocery,4.9,0
457.38,12,Online,2.6,0
5.38,23,Restaurant,1.6,0
29.95,21,Online,4.4,0
79.95,9,Retail,11.8,0
1.63,2,Wire,49.8,1
1.0,18,Gas,5.4,0
114.02,9,Retail,1.9,0
10.0,9,Grocery,3.1,0
120.4,13,Retail,2.9,0
362.55,12,Online,122.1,1
7.16,23,Restaurant,7.3,0
40.0,19,Grocery,3.1,0
57.73,18,Wire,22.1,1
2.99,21,Grocery,1.9,0
84.95,8,Restaurant,1.9,0
148.33,9,Online,10.5,0
26.9,18,Restaurant,5.2,0
1.4,18,Grocery,1.5,0
270.0,16,Online,53.3,1
1.0,10,Gas,1.8,0
74.95,11,Grocery,4.2,0
10.78,12,Restaurant,1.1,0
297.15,22,Grocery,7.0,0
14.49,20,Grocery,3.8,0
7.81,10,Gas,5.9,0
3.3,0,Grocery,1.4,0
15.0,18,Grocery,1.6,0
97.39,12,Restaurant,7.3,0
30.0,13,Grocery,8.1,0
169.55,0,Retail,6.4,0
1.0,0,Restaurant,3.2,0
99.99,7,Online,47.9,1
1.0,17,ATM,59.7,1
4.4,13,Grocery,4.5,0
30.14,20,Online,78.7,1
99.99,14,ATM,30.7,1
56.19,15,Restaurant,8.0,0
358.4,23,Online,2.5,0
1.54,19,Restaurant,1.2,0
15.18,2,Retail,2.1,0
25.0,9,Restaurant,3.9,0
33.76,2,Online,32.8,1
11.88,18,Restaurant,6.6,0
4000.0,7,Retail,7.3,0
8.84,9,Restaurant,1.3,0
17.4,21,Grocery,3.9,0
0.76,13,Grocery,5.1,0
0.89,15,Restaurant,1.5,0
78.73,15,Online,1.7,0
5.2,8,Restaurant,2.1,0
6.63,20,Gas,6.0,0
32.37,12,Retail,11.4,0
51.8,23,Restaurant,0.8,0
1.98,10,Gas,21.1,0
802.52,11,Wire,31.4,1
0.99,14,Gas,10.3,0
37.32,11,Online,19.2,1
105.99,12,ATM,11.0,1
69.95,22,Retail,4.9,0
17.5,21,Retail,5.2,0
1.53,20,Grocery,1.3,0
74.43,18,Retail,2.7,0
2.23,19,Gas,16.1,0
219.0,7,Online,5.1,0
25.0,0,Restaurant,3.5,0
4.26,22,Restaurant,4.1,0
100.0,14,Online,3.5,0
145.5,12,Grocery,2.5,0
1.0,21,Restaurant,3.4,0
162.8,14,Retail,6.3,0
120.0,19,Online,4.3,0
140.23,10,Online,2.3,0
75.0,12,Online,3.3,0
3.79,4,Online,30.1,1
15.16,11,Grocery,2.3,0
1.29,22,Grocery,1.2,0
20.0,14,Retail,2.3,0
374.0,9,Online,3.9,0
0.0,10,Wire,26.3,1
1.79,12,Gas,0.6,0
49.99,17,Retail,0.6,0
18.96,2,ATM,5.2,1
6.49,11,Grocery,1.8,0
14.07,23,Grocery,5.7,0
269.0,15,Retail,11.0,0
44.9,2,Online,86.5,1
27.11,21,Grocery,9.9,0
2.69,23,Grocery,3.1,0
1.51,8,Restaurant,2.8,0
352.0,14,Grocery,3.6,0
3.75,18,Restaurant,0.7,0
1.0,18,ATM,21.0,1
133.0,15,Online,3.8,0
25.0,22,Restaurant,2.5,0
5.49,11,Grocery,2.0,0
69.45,15,Retail,8.7,0
2.99,16,Gas,1.3,0
40.0,9,Restaurant,5.5,0
9.99,21,Grocery,1.6,0
4.49,15,ATM,9.5,1
7.53,13,Gas,1.9,0
30.0,14,Retail,13.0,0
1.0,6,Wire,21.2,1
122.68,17,Online,6.8,1
295.63,12,Online,0.8,0
98.0,9,Restaurant,0.8,0
28.0,10,Online,0.9,0
1.0,17,Online,11.9,1
119.0,15,Grocery,1.6,0
1071.11,6,Online,2.7,0
254.76,21,Online,43.4,1
39.99,18,Retail,5.5,0
31.0,8,Grocery,2.7,0
26.25,7,Grocery,2.2,0
1.0,2,Online,26.9,1
1.0,18,Online,26.4,1
6.23,10,Grocery,0.8,0
468.07,11,Online,4.3,0
1.98,8,Gas,1.1,0
22.13,21,Restaurant,3.0,0
0.0,15,Retail,26.7,1
1.0,4,Retail,11.1,1
29.74,16,Online,1.5,0
60.0,14,Restaurant,2.4,0
1.0,14,Restaurant,3.2,0
15.98,20,Restaurant,2.3,0
17.98,9,Grocery,3.3,0
55.75,10,Retail,10.8,0
11.99,5,Online,0.8,0
43.94,20,Restaurant,5.3,0
49.99,19,Grocery,9.7,0
33.35,11,Restaurant,3.2,0
0.77,10,Grocery,3.3,0
9.99,12,Restaurant,7.5,0
44.74,8,Retail,4.8,0
20.1,17,Retail,3.8,0
0.89,8,Gas,2.6,0
15.0,17,Grocery,4.3,0
0.0,6,ATM,3.6,1
55.64,7,Restaurant,2.3,0
34.95,19,Grocery,3.3,0
22.0,14,Retail,7.7,0
5.92,13,Gas,2.9,0
1.0,2,ATM,35.6,1
0.76,20,Restaurant,5.1,0
1.21,14,Gas,7.8,0
59.95,19,Restaurant,0.7,0
2.0,11,Restaurant,2.9,0
1.0,17,Online,65.0,1
723.21,12,Wire,36.9,1
61.47,5,Retail,3.8,0
14.93,13,Online,2.3,0
204.8,16,Grocery,4.1,0
15.95,4,Restaurant,13.8,0
59.0,1,Online,13.1,1
50.0,19,Grocery,1.4,0
29.67,16,Grocery,6.2,0
249.9,18,Online,2.8,0
0.77,16,Retail,12.2,1
9.9,18,Gas,2.1,0
1.0,9,Restaurant,2.4,0
18.05,19,Online,4.5,0
91.52,11,Retail,4.2,0
0.76,21,Restaurant,9.2,0
69.82,18,Online,3.2,0
64.88,19,Retail,4.9,0
541.0,9,ATM,4.2,0
73.94,18,Online,3.2,0
340.11,11,Online,45.4,1
101.5,18,Wire,44.7,1
0.76,13,Online,77.2,1
1.0,14,Grocery,5.0,0
39.45,11,Wire,56.5,1
521.99,21,ATM,2.8,0
2.0,23,ATM,6.8,1
402.9,17,Online,9.2,0
58.48,13,Retail,1.3,0
73.27,14,Retail,8.4,0
1.0,16,Restaurant,2.2,0
4.49,10,Restaurant,4.0,0
8.99,14,Grocery,2.5,0
1.79,21,Grocery,2.0,0
77.0,13,Grocery,3.5,0
69.99,16,Retail,1.9,0
33.59,2,Wire,36.7,1
1.0,22,Gas,2.6,0
16.73,14,Restaurant,1.1,0
6.1,22,Gas,2.6,0
35.27,23,Retail,1.7,0
1.1,23,Restaurant,2.2,0
12.95,16,Grocery,10.1,0
134.0,8,Online,4.7,0
8.0,11,Restaurant,1.9,0
1.0,5,ATM,16.8,1
12.31,23,Online,32.5,1
15.99,15,Restaurant,4.0,0
148.1,18,Online,2.0,0
62.18,23,Grocery,1.7,0
19.95,10,Online,4.0,0
175.9,11,Wire,15.4,1
7.52,15,Wire,8.0,1
113.92,16,Wire,79.2,1
14.38,18,Grocery,4.2,0
6.87,14,Restaurant,6.1,0
14.12,2,Restaurant,6.5,0
27.22,17,Grocery,1.1,0
1.0,7,Gas,2.2,0
1326.33,16,Wire,1.2,0
0.0,16,ATM,6.2,1
144.01,19,Grocery,1.8,0
85.25,17,Grocery,2.8,0
272.65,15,Retail,15.2,0
5.0,15,Online,18.8,1
11.74,18,Online,0.9,0
1.0,11,Online,48.9,1
1.79,19,Restaurant,4.4,0
45.49,11,Online,10.6,1
331.26,13,Retail,3.0,0
1.46,23,Grocery,3.0,0
59.14,13,Retail,3.9,0
204.27,11,Wire,27.1,1
1.29,17,Grocery,1.9,0
0.77,19,Online,22.1,1
1.0,2,ATM,125.1,1
40.39,14,Restaurant,0.7,0
962.6,9,Retail,18.9,0
9.99,12,Gas,2.6,0
31.61,6,Retail,4.7,0
500.0,2,Online,3.2,0
12.99,20,Grocery,4.3,0
100.73,16,Online,3.7,0
357.95,18,Online,91.4,1
101.65,16,Online,2.5,0
80.9,11,Wire,42.8,1
0.76,22,Grocery,0.7,0
1.98,15,Restaurant,3.6,0
81.4,10,Retail,4.5,0
1.0,21,Restaurant,12.8,0
38.31,13,Online,3.1,0
173.0,0,Retail,5.0,0
105.0,18,Retail,1.9,0
1.29,13,Gas,2.5,0
6.4,23,Grocery,7.4,0
100.0,18,Retail,1.3,0
2.13,12,Gas,2.8,0
42.18,5,Online,2.9,0
1.98,1,Restaurant,3.6,0
19.95,22,Online,23.6,1
1.29,14,Restaurant,3.3,0
26.62,7,Retail,5.1,0
129.82,10,Retail,2.0,0
2.84,19,Grocery,8.2,0
54.99,20,Restaurant,7.9,0
320.0,18,Online,22.8,1
9.96,16,Grocery,4.2,0
15.0,23,Grocery,6.9,0
10.2,23,Grocery,10.4,0
31.91,18,ATM,25.5,1
854.25,21,ATM,4.9,0
23.67,21,Online,18.5,0
0.99,12,Grocery,4.1,0
50.0,12,Online,2.6,0
130.44,15,Wire,69.7,1
145.0,23,Online,7.8,0
33.4,18,Retail,3.6,0
250.0,10,Online,3.6,0
64.99,18,Online,1.5,0
1.0,5,Wire,58.8,1
467.5,9,Online,2.6,0
0.89,20,Grocery,8.8,0
2183.44,17,Retail,2.8,0
8.98,9,Grocery,2.3,0
112.33,11,Online,89.8,1
1.0,23,Gas,4.1,0
1.3,21,Restaurant,4.3,0
16.43,11,Grocery,8.6,0
1.0,15,ATM,88.7,1
277.53,9,Online,1.9,0
0.0,16,Grocery,3.2,0
144.0,14,Online,3.4,0
56.89,9,Retail,3.9,0
4.99,17,Grocery,1.1,0
1.0,18,Retail,96.1,1
64.0,6,Grocery,1.3,0
3.99,20,Gas,6.4,0
10.0,5,Online,1.9,0
7.07,9,Gas,5.7,0
2.95,19,Gas,2.2,0
19.99,19,Restaurant,6.8,0
1.0,2,Online,30.6,1
101.5,16,ATM,11.8,1
0.01,19,Restaurant,6.3,0
9.21,23,Restaurant,2.8,0
1.79,12,Restaurant,26.8,0
5.49,13,Gas,13.5,0
8.99,17,Restaurant,6.7,0
22.79,22,Retail,9.0,0
25.0,21,Restaurant,1.5,0
29.7,3,Restaurant,1.5,0
7.53,18,Online,34.2,1
114.0,9,Grocery,1.0,0
182.87,8,Online,3.7,0
46.65,20,Grocery,1.8,0
20.5,17,Restaurant,1.8,0
5.95,20,Gas,0.4,0
4.56,9,Online,78.2,1
88.0,8,Restaurant,2.1,0
11.57,18,Restaurant,1.2,0
1.0,17,Restaurant,0.8,0
1.0,16,Grocery,6.7,0
87.21,10,Online,5.7,0
20.29,0,Restaurant,0.8,0
4.99,12,Gas,1.6,0
48.0,19,Grocery,8.4,0
14.88,15,Retail,10.0,0
11.5,16,Online,5.0,0
15.0,20,Retail,2.2,0
11.5,18,Online,4.6,0
0.99,15,Gas,1.7,0
99.99,7,ATM,107.0,1
146.81,15,Retail,12.6,0
50.0,9,Online,2.3,0
99.99,11,ATM,76.1,1
1.0,21,Restaurant,3.2,0
0.0,4,ATM,52.0,1
46.0,11,Retail,3.0,0
10.0,11,Grocery,4.2,0
71.1,13,Online,3.0,0
420.08,22,Online,2.2,0
2125.87,10,Online,28.6,1
0.0,4,Retail,114.2,1
34.38,17,Restaurant,3.6,0
272.65,16,Online,0.6,0
1.0,15,ATM,22.3,1
104.0,11,Retail,1.6,0
0.99,18,Gas,11.7,0
47.32,4,Grocery,1.5,0
5.84,21,Gas,7.0,0
34.02,21,Grocery,0.7,0
1.0,3,Online,41.1,1
7.5,15,Restaurant,2.0,0
0.77,10,Grocery,8.4,0
2.37,15,Gas,0.6,0
3.96,16,Grocery,9.1,0
7.99,16,Gas,18.0,0
144.62,9,Online,17.1,1
21.8,12,Restaurant,3.3,0
2.49,21,Restaurant,2.6,0
5.0,18,Restaurant,0.8,0
349.08,22,Online,7.1,1
7.56,9,Grocery,5.0,0
1.98,18,Gas,6.4,0
159.0,9,Online,4.3,0
14.5,21,Restaurant,5.4,0
1.0,2,ATM,8.7,1
8.3,14,Online,26.6,1
13.5,16,Grocery,2.8,0
100.0,22,Retail,6.8,0
25.35,8,Online,2.5,0
58.0,19,Retail,4.9,0
62.95,7,Retail,2.3,0
1.98,16,Restaurant,2.9,0
4.9,18,Gas,1.6,0
104.99,9,Retail,12.1,0
1159.67,11,Online,3.6,0
209.65,2,ATM,11.2,1
64.6,22,Online,2.3,0
10.62,15,Retail,6.4,0
359.82,20,Retail,3.3,0
592.9,14,ATM,22.5,1
0.77,8,Gas,1.2,0
207.02,22,Online,3.8,0
33.45,11,Grocery,0.8,0
201.2,10,Grocery,3.0,0
10.49,8,Retail,1.4,0
4.95,13,Restaurant,0.8,0
1.0,3,Online,10.7,1
9.99,23,Restaurant,2.0,0
2.69,22,Grocery,2.1,0
0.25,12,Restaurant,4.4,0
1.0,3,Online,86.1,1
5.0,17,Restaurant,3.1,0
2.28,3,Retail,19.1,1
1.0,18,Retail,51.7,1
49.74,10,Grocery,2.6,0
1505.78,10,Online,2.1,0
3.9,18,Restaurant,3.3,0
119.88,16,Grocery,5.6,0
6.22,17,Gas,3.5,0
1.0,2,Wire,37.0,1
79.8,8,Retail,1.5,0
144.8,15,Online,30.1,1
25.0,13,Restaurant,7.0,0
10.0,9,Restaurant,1.8,0
12.31,21,Restaurant,4.5,0
1.29,14,Restaurant,1.6,0
799.5,13,ATM,2.3,0
8.07,17,Gas,6.0,0
11.5,18,Restaurant,6.1,0
112.83,10,Online,1.2,0
1.0,20,Online,17.4,1
15.0,15,Retail,3.7,0
12.31,7,Grocery,5.1,0
27.79,10,Restaurant,1.5,0
8.93,12,Grocery,6.2,0
23.5,11,Retail,4.0,0
254.2,7,Online,2.6,0
29.99,19,Restaurant,2.2,0
0.89,13,Grocery,4.6,0
49.99,8,Online,2.8,0
11.2,12,Online,6.6,0
99.0,16,Grocery,6.7,0
10.0,0,Restaurant,4.0,0
20.77,20,Retail,4.7,0
41.71,16,Grocery,16.0,0
2.0,15,ATM,14.5,1
76.94,20,Wire,41.1,1
3.87,14,Grocery,2.7,0
8.98,7,Restaurant,3.1,0
245.0,23,Wire,16.2,1
3.76,22,Restaurant,2.8,0
138.43,20,Online,3.2,0
99.99,7,Online,96.5,1
390.0,22,Online,200.0,1
0.0,16,Gas,3.6,0
14.0,19,Restaurant,2.5,0
1.0,15,Wire,6.7,1
13.99,18,Grocery,3.4,0
160.0,20,Retail,3.0,0
22.47,14,Online,21.3,1
10.0,13,Grocery,8.1,0
1.0,9,ATM,51.8,1
1.0,1,Online,11.5,1
1.79,12,Restaurant,3.6,0
338.79,19,Online,4.3,0
15.72,15,Online,0.6,0
5.99,14,Gas,0.6,0
15.0,4,Online,2.9,0
42.39,11,Retail,3.6,0
27.99,7,Retail,2.0,0
4.49,8,Grocery,20.9,0
30.99,21,Grocery,3.2,0
8.99,17,Gas,1.8,0
14.99,19,Grocery,6.1,0
18.95,23,Retail,2.8,0
1.0,23,Gas,2.0,0
1.0,2,ATM,59.8,1
3.0,14,Grocery,5.7,0
0.74,13,Grocery,1.8,0
12.31,14,Grocery,5.7,0
17.2,18,Online,3.2,0
65.0,18,Grocery,4.9,0
1.99,14,Gas,2.0,0
23.36,7,ATM,56.5,1
9.8,2,Grocery,2.1,0
28.0,1,Online,5.1,0
49.16,16,Restaurant,10.6,0
9.29,17,Retail,32.1,1
323.77,23,Wire,13.2,1
10.1,18,Grocery,2.8,0
36.0,2,Restaurant,1.3,0
7.79,0,Grocery,1.0,0
0.76,16,Gas,3.4,0
49.99,20,Retail,4.2,0
59.0,14,Grocery,6.6,0
1000.0,16,Wire,3.1,0
261.22,1,Wire,29.8,1
50.98,13,Grocery,1.5,0
18.4,10,Retail,7.8,0
15.0,0,Retail,4.0,0
94.82,19,ATM,114.8,1
170.92,15,ATM,45.0,1
30.54,13,Grocery,1.6,0
30.45,9,Restaurant,2.4,0
1.0,12,Grocery,5.0,0
1.0,3,Retail,58.9,1
0.68,8,ATM,50.1,1
6.78,16,Grocery,4.7,0
0.0,14,Online,30.2,1
18.96,9,Wire,45.9,1
75.08,5,Online,8.2,0
18.39,13,Retail,1.3,0
2.0,17,Restaurant,4.1,0
73.2,11,Retail,1.2,0
6.56,14,Gas,2.0,0
14.95,4,Grocery,5.2,0
51.0,14,Grocery,5.8,0
15.98,23,Grocery,1.2,0
39.98,21,Online,28.1,1
1.79,22,Grocery,7.1,0
17.06,8,ATM,15.2,1
28.49,20,Restaurant,1.1,0
13.85,9,Grocery,4.9,0
99.9,21,ATM,105.3,1
11.39,11,Online,0.8,0
4.62,13,Restaurant,2.9,0
22.68,16,Online,1.9,0
3.96,9,Gas,6.2,0
101.0,7,Retail,4.7,0
727.91,14,Wire,32.6,1
78.5,7,Grocery,1.6,0
2.0,18,Grocery,2.5,0
0.99,14,Restaurant,1.9,0
40.46,23,Retail,1.1,0
1.0,2,ATM,73.5,1
1.98,23,Restaurant,2.8,0
192.63,9,Online,22.1,0
39.83,23,Retail,8.0,0
29.99,2,Retail,0.7,0
272.0,8,Grocery,1.6,0
60.0,20,Grocery,2.2,0
124.7,17,Retail,4.2,0
50.25,22,Restaurant,3.6,0
1.0,7,Grocery,4.5,0
4.97,19,Online,12.7,1
1.98,17,Grocery,3.8,0
0.01,18,ATM,30.2,1
12.31,12,Retail,6.3,0
1.0,0,Gas,2.2,0
9.02,20,Restaurant,15.4,0
45.48,2,Online,72.7,1
15.0,12,Restaurant,1.9,0
57.0,9,Retail,7.8,0
4.73,21,Restaurant,2.2,0
0.92,4,ATM,149.8,1
8.99,1,Restaurant,7.2,0
7.24,23,Gas,5.2,0
454.82,16,Online,25.9,1
1.0,13,Grocery,2.0,0
53.25,14,Retail,2.1,0
0.77,19,Online,9.6,1
9.9,4,Grocery,2.0,0
776.83,11,ATM,57.7,1
89.9,10,Grocery,1.8,0
7.57,17,Restaurant,2.9,0
16.99,6,Retail,2.1,0
4.79,20,Restaurant,3.6,0
1.98,17,Restaurant,2.1,0
160.0,12,Retail,2.7,0
40.49,9,Online,5.2,0
36.47,16,Online,10.1,0
4.54,3,Grocery,7.8,0
2.12,6,Gas,1.8,0
0.89,1,Grocery,1.7,0
23.8,9,Retail,2.2,0
15.0,10,Retail,2.9,0
21.1,18,Retail,1.4,0
96.35,18,Retail,21.8,0
13.88,19,Restaurant,3.7,0
33.0,21,Restaurant,5.5,0
57.64,7,Retail,3.8,0
11.53,8,Grocery,1.8,0
53.9,11,Grocery,3.3,0
5.37,14,Restaurant,3.1,0
14.84,16,Grocery,10.4,0
1.29,14,Gas,5.1,0
99.99,7,Wire,145.5,1
125.3,9,ATM,61.1,1
294.54,9,Online,2.1,0
64.0,16,Grocery,1.8,0
1.52,11,Gas,8.4,0
28.91,3,Online,1.8,0
5.67,22,Restaurant,1.9,0
125.0,10,Grocery,5.5,0
1.29,19,Gas,7.0,0
55.0,14,Grocery,3.5,0
7.5,20,Grocery,1.1,0
5.09,16,ATM,48.8,1
1.0,21,Online,17.1,1
42.81,19,Online,1.7,0
61.9,20,Restaurant,2.3,0
12.95,3,Restaurant,2.9,0
47.55,7,Restaurant,1.9,0
29.99,2,Restaurant,3.7,0
99.99,14,ATM,34.8,1
2.69,0,Grocery,2.8,0
0.76,17,Online,73.2,1
172.0,9,Online,4.1,0
7.16,0,Grocery,2.6,0
345.0,13,Wire,9.7,1
12.31,10,Grocery,3.3,0
325.79,8,Grocery,2.8,0
18.91,14,Grocery,0.5,0
0.77,19,Online,11.7,1
1.0,13,Grocery,5.2,0
16.0,15,Online,3.0,0
150.57,12,Grocery,3.6,0
4.94,16,Restaurant,2.3,0
34.95,6,Retail,5.6,0
845.7,10,Online,2.6,0
0.92,8,Gas,2.4,0
180.0,17,Online,18.2,1
46.0,17,Grocery,1.3,0
1.0,2,Online,23.2,1
53.42,8,Online,4.2,0
9.23,22,Gas,3.3,0
8.49,11,Restaurant,2.3,0
2.58,16,Restaurant,4.6,0
49.83,3,Online,3.2,0
1190.0,1,Wire,3.3,0
565.4,14,Online,3.6,0
1218.89,5,Wire,157.3,1
0.77,6,Restaurant,7.1,0
5.57,18,Gas,2.1,0
3.77,10,Grocery,2.1,0
1.79,17,Gas,4.9,0
43.8,0,Online,3.9,0
0.89,14,Grocery,8.5,0
159.75,22,Online,0.8,0
0.99,14,Gas,5.1,0
261.95,9,Grocery,5.8,0
167.8,16,Retail,12.1,0
720.8,11,Retail,34.5,1
8.99,4,Restaurant,3.2,0
1.0,5,Restaurant,2.7,0
118.3,11,Wire,28.6,1
507.0,22,Online,0.8,0
1.98,18,Grocery,3.6,0
10.76,13,Online,1.9,0
51.59,14,Grocery,20.0,0
66.28,21,Restaurant,4.9,0
0.01,2,Grocery,2.6,0
1.0,14,Restaurant,4.0,0
3.84,18,Grocery,1.2,0
2.28,15,Restaurant,1.8,0
1.0,23,Restaurant,3.9,0
50.0,12,Retail,1.2,0
3.04,19,Grocery,2.6,0
114.32,10,Retail,4.5,0
1.1,17,Online,131.9,1
2.72,12,Restaurant,4.5,0
0.0,13,Retail,25.0,1
5.49,15,Restaurant,1.7,0
0.01,14,ATM,200.0,1
73.36,1,Restaurant,2.0,0
172.0,10,Retail,2.8,0
42.81,22,Retail,5.3,0
1.29,12,Grocery,2.6,0
48.95,8,Retail,9.6,0
1.0,4,Online,5.8,1
13.99,9,Online,1.5,0
36.54,21,Grocery,5.2,0
9.99,0,Grocery,4.1,0
2.0,16,Gas,2.4,0
30.65,12,Online,3.5,0
3.58,22,Restaurant,5.1,0
4.66,17,Restaurant,4.5,0
70.65,14,Retail,2.5,0
1.0,22,Grocery,19.2,0
1.0,3,Online,38.2,1
1065.62,16,Online,2.2,0
2.99,11,Restaurant,4.2,0
87.95,12,Online,5.5,0
0.0,19,Gas,1.5,0
30.39,21,Retail,1.3,0
4.0,19,Grocery,1.0,0
18.88,1,Grocery,6.1,0
1.0,8,Grocery,4.2,0
1.15,21,Gas,2.2,0
1.0,22,Restaurant,3.8,0
90.0,18,Retail,9.1,0
21.76,18,Restaurant,2.6,0
30.24,7,Retail,3.9,0
3.76,21,Restaurant,2.1,0
2349.31,15,Online,2.0,0
20.0,0,Retail,4.7,0
14.32,1,Restaurant,2.7,0
159.63,12,Retail,2.8,0
42.81,21,Grocery,1.6,0
13.84,19,Grocery,1.7,0
131.9,11,Grocery,2.1,0
65.0,9,Retail,12.9,0
45.0,15,Grocery,4.9,0
52.95,8,Restaurant,2.7,0
139.9,6,Grocery,4.2,0
1.0,15,Gas,4.3,0
65.5,13,Retail,3.6,0
30.3,8,Wire,30.9,1
89.9,8,Grocery,5.9,0
319.2,16,Online,51.3,1
346.94,4,Online,28.4,1
83.15,18,Grocery,1.3,0
25.0,14,Restaurant,2.5,0
0.0,4,Wire,39.5,1
435.7,12,Retail,1.9,0
33.16,18,Online,4.0,0
14.81,16,Restaurant,2.2,0
4.95,16,Restaurant,5.6,0
3.79,19,ATM,89.0,1
2.69,17,Grocery,11.3,0
824.83,19,Online,14.5,1
38.27,11,Restaurant,8.0,0
99.99,7,Wire,30.9,1
187.11,19,Wire,13.6,1
1.54,13,Restaurant,4.3,0
1.0,21,Restaurant,2.8,0
1.98,1,Gas,1.6,0
99.99,7,ATM,57.1,1
86.76,13,Grocery,3.4,0
23.99,19,Grocery,1.8,0
150.0,10,Retail,3.6,0
139.9,11,Online,15.5,1
11.5,19,Restaurant,5.6,0
1.0,17,ATM,90.7,1
97.01,11,Restaurant,5.3,0
23.28,19,Grocery,1.6,0
35.45,14,Retail,5.4,0
197.47,12,Grocery,4.6,0
4.49,4,Gas,5.9,0
36.0,2,Online,0.8,0
65.08,12,Grocery,3.0,0
89.48,14,Online,3.9,0
95.75,7,Grocery,3.0,0
10.0,8,Grocery,2.3,0
40.0,8,Restaurant,4.1,0
23.8,21,Grocery,4.2,0
1.0,11,Wire,33.9,1
60.0,13,Grocery,3.8,0
120.19,22,Retail,6.8,0
60.47,20,Retail,1.1,0
8.99,21,Restaurant,3.3,0
92.95,18,Retail,1.1,0
38.01,6,Restaurant,12.1,0
18.99,11,Restaurant,1.2,0
195.66,15,ATM,94.0,1
99.99,7,Online,13.5,1
55.44,14,Retail,5.2,0
4.63,19,Grocery,2.5,0
11.69,13,Online,8.4,0
1.0,2,ATM,17.8,1
6.83,20,Restaurant,1.1,0
14.73,18,Restaurant,12.9,0
54.84,21,Restaurant,2.0,0
1.0,7,Restaurant,2.6,0
14.72,18,Grocery,0.6,0
55.61,9,Retail,5.2,0
2.99,18,Grocery,1.2,0
89.99,9,Retail,3.9,0
4.0,19,Gas,4.8,0
88.23,11,ATM,117.5,1
250.0,19,Online,3.6,0
69.18,10,Grocery,4.9,0
1.0,3,Online,19.6,1
105.89,8,Online,29.0,1
1402.16,17,Online,44.2,1
3.79,12,Grocery,6.9,0
65.85,14,Retail,4.0,0
10.74,17,Restaurant,3.0,0
58.05,23,Grocery,4.5,0
70.0,9,Restaurant,1.4,0
35.0,20,Grocery,2.1,0
50.56,12,Grocery,2.7,0
34.95,19,Retail,4.5,0
35.9,11,Grocery,2.8,0
41.0,11,Online,3.4,0
119.74,4,ATM,74.3,1
1.29,13,Restaurant,6.4,0
11.37,13,Restaurant,3.3,0
120.84,1,Online,1.9,0
10.82,4,Grocery,2.8,0
1.0,2,ATM,51.0,1
4.99,7,Gas,1.4,0
822.99,8,Wire,0.6,0
26.99,18,Grocery,5.2,0
30.0,8,Restaurant,1.6,0
97.0,2,Wire,106.8,1
2.67,20,Restaurant,8.4,0
8.9,15,Online,56.7,1
9.99,11,Restaurant,1.8,0
179.66,3,Online,77.1,1
45.81,23,Restaurant,12.0,0
1.98,20,Restaurant,2.6,0
26.9,6,Retail,1.4,0
130.0,6,Online,2.3,0
115.0,8,Retail,3.4,0
74.95,18,Grocery,2.5,0
1684.35,16,Wire,5.7,0
152.65,9,Retail,2.7,0
121.0,6,Online,0.9,0
20.0,6,Grocery,4.7,0
19.99,3,Grocery,1.6,0
1.0,6,Restaurant,9.6,0
246.7,14,Retail,1.4,0
0.01,4,ATM,6.2,1
192.06,14,Online,8.2,0
7.18,11,Online,35.9,1
24.9,7,Retail,5.5,0
0.89,23,Restaurant,3.0,0
2.12,6,Grocery,6.8,0
6.99,4,Grocery,4.3,0
1.54,0,Grocery,5.8,0
0.68,8,ATM,26.6,1
179.0,21,Online,3.7,0
0.0,12,Grocery,5.9,0
4.49,11,Restaurant,2.9,0
25.0,13,Restaurant,5.2,0
80.0,20,Grocery,6.5,0
50.0,14,Grocery,5.9,0
4.99,18,Grocery,3.2,0
188.52,2,Wire,139.7,1
1.29,15,Gas,10.0,0
1.0,21,Online,104.4,1
1.98,14,Restaurant,6.0,0
1.0,12,ATM,33.9,1
7.14,22,Grocery,4.1,0
4.55,12,Restaurant,3.8,0
9.06,17,Grocery,3.4,0
1.0,15,Gas,5.6,0
6.62,17,Online,9.5,1
2.99,15,Restaurant,1.5,0
99.99,14,Online,5.5,1
25.0,22,Retail,3.8,0
7.49,21,Restaurant,3.6,0
1.0,21,Restaurant,2.6,0
104.92,12,Online,3.5,0
0.01,13,Restaurant,3.4,0
1.0,22,Restaurant,1.8,0
71.38,8,Restaurant,5.6,0
12.6,17,Grocery,3.4,0
1.1,2,Online,6.6,1
0.0,18,ATM,21.1,1
1.0,22,Restaurant,10.0,0
1.0,11,Restaurant,1.7,0
15.9,15,Retail,1.8,0
67.0,10,Grocery,4.6,0
1.0,0,Gas,2.6,0
2.47,18,Online,17.7,1
0.76,13,ATM,37.1,1
6.99,3,Restaurant,1.4,0
133.8,0,Online,2.5,0
0.89,18,Restaurant,5.0,0
20.0,19,Restaurant,3.9,0
9.83,5,Grocery,4.0,0
294.9,17,Wire,12.2,1
3.76,7,ATM,29.7,1
82.28,12,Restaurant,1.3,0
144.0,9,Grocery,3.6,0
157.1,10,Retail,3.6,0
51.19,23,Retail,6.0,0
273.01,11,Wire,63.9,1
1.0,2,Online,12.2,1
29.59,9,Retail,0.5,0
0.0,22,ATM,3.1,1
5.05,12,Restaurant,6.7,0
29.99,9,Restaurant,4.5,0
9.06,0,Gas,6.6,0
104.0,4,Online,35.0,1
170.8,21,Retail,2.1,0
8.61,9,Restaurant,3.1,0
18.05,18,Grocery,4.9,0
11.72,1,Restaurant,5.0,0
1.98,20,Grocery,2.3,0
22.54,0,Online,3.6,0
12.15,22,Retail,0.6,0
0.0,9,Restaurant,9.4,0
71.4,17,Restaurant,9.3,0
108.22,22,Online,11.0,0
53.24,20,Restaurant,3.0,0
174.98,7,Grocery,1.0,0
0.77,18,Grocery,10.3,0
15.95,4,Grocery,4.1,0
0.89,15,Restaurant,2.5,0
58.38,15,Grocery,4.8,0
29.31,17,Grocery,1.8,0
8.7,9,Grocery,1.5,0
37.93,2,Wire,53.5,1
93.0,13,Restaurant,1.6,0
1.98,5,Grocery,3.0,0
130.0,5,Retail,14.9,0
21.2,10,Online,2.5,0
22.61,0,Online,0.5,0
13.55,5,Restaurant,6.6,0
8.99,17,Grocery,1.2,0
129.0,9,Retail,3.1,0
60.0,13,Online,8.4,0
12.31,16,Retail,2.5,0
5.0,14,Gas,2.5,0
1.0,2,Wire,34.1,1
9.99,11,Online,60.5,1
0.89,20,Grocery,3.0,0
15.0,5,Grocery,7.4,0
136.0,10,Online,1.7,0
9.62,0,Restaurant,4.0,0
8.99,2,Restaurant,4.3,0
255.2,0,Online,0.8,0
45.03,20,ATM,11.9,1
16.23,17,Restaurant,0.8,0
1.0,7,Restaurant,1.7,0
2.94,9,Gas,9.8,0
40.0,4,Online,4.8,0
675.0,19,Online,2.5,0
24.67,19,Grocery,4.0,0
3.5,18,Restaurant,4.6,0
238.98,11,Online,2.2,0
141.82,9,Online,27.6,0
20.0,16,Retail,1.5,0
57.0,8,Online,4.4,0
20.36,7,Restaurant,1.0,0
112.75,22,Retail,1.2,0
1.0,8,Restaurant,1.6,0
43.89,10,Restaurant,1.7,0
1.0,2,Online,180.4,1
55.65,13,Grocery,2.6,0
26.63,11,Grocery,2.7,0
32.0,17,Grocery,1.6,0
54.9,4,Grocery,1.4,0
25.44,16,Grocery,1.4,0
150.0,15,Grocery,8.9,0
628.6,10,Online,2.1,0
1.98,21,Gas,1.7,0
39.95,13,Retail,9.9,0
290.5,10,Retail,0.5,0
49.48,21,Retail,1.2,0
356.37,16,Online,7.3,0
30.15,12,Restaurant,2.4,0
41.08,0,Retail,4.0,0
14.46,9,Online,20.3,1
5.3,11,Online,13.2,1
27.0,11,Restaurant,2.4,0
9.99,0,Restaurant,1.5,0
473.42,16,Grocery,2.6,0
8.92,17,Restaurant,5.1,0
0.76,11,Retail,97.3,1
2.27,4,Wire,53.4,1
114.38,21,Grocery,1.0,0
1464.94,11,Online,3.4,0
2.37,15,Gas,2.0,0
18.96,19,Retail,2.9,0
135.0,19,Online,3.3,0
97.55,6,Retail,2.7,0
58.87,10,Grocery,4.4,0
1.29,12,Gas,2.8,0
21.44,7,Retail,2.4,0
52.0,6,Grocery,5.4,0
27.0,15,Retail,8.2,0
7.59,19,Online,22.9,1
1.79,19,Gas,5.4,0
55.63,10,Retail,0.8,0
5.49,14,Gas,6.7,0
71.94,22,Restaurant,11.7,0
39.09,6,Retail,1.8,0
65.11,11,Online,2.4,0
130.0,19,Retail,3.5,0
7.69,22,Restaurant,2.5,0
1.0,2,ATM,19.6,1
119.21,15,Grocery,2.9,0
39.28,13,Grocery,5.7,0
40.0,13,Restaurant,2.1,0
124.53,20,Online,38.0,1
216.59,16,Online,1.5,0
2.69,9,Grocery,2.5,0
247.86,18,Retail,33.6,1
108.0,15,Retail,4.4,0
14.99,23,Online,3.5,0
12.18,10,Grocery,3.5,0
73.73,10,Online,5.2,0
124.36,13,Online,1.2,0
90.0,11,Grocery,3.6,0
0.76,17,Grocery,4.9,0
99.99,7,Wire,10.1,1
1809.68,2,ATM,14.9,1
310.6,9,Online,2.5,0
0.89,20,Restaurant,6.3,0
15.98,14,Retail,1.6,0
1354.25,18,Online,44.3,1
1.0,12,ATM,30.9,1
114.99,8,Grocery,7.9,0
45.64,16,Online,33.4,1
3.79,4,ATM,15.7,1
1504.93,18,Wire,13.2,1
14.99,7,Restaurant,3.7,0
9.99,11,Grocery,4.0,0
91.0,9,Grocery,1.9,0
39.0,3,Grocery,4.7,0
46.0,13,Grocery,1.5,0
1.0,9,Restaurant,6.0,0
2.69,7,Grocery,4.8,0
65.0,8,ATM,43.9,1
0.89,17,Grocery,1.2,0
1.0,5,ATM,130.3,1
111.39,16,Online,4.9,0
10.77,23,Online,14.6,0
2.4,21,Gas,2.1,0
1.0,15,Online,28.2,1
526.19,7,Wire,3.9,0
10.02,14,Retail,8.4,0
136.0,11,Grocery,2.8,0
11.85,5,Online,8.8,0
0.89,0,Gas,7.3,0
29.97,16,Retail,6.6,0
11.85,5,Grocery,3.7,0
54.99,20,Restaurant,3.6,0
1242.35,9,Online,0.8,0
46.04,10,Restaurant,2.0,0
99.39,10,Online,1.2,0
127.9,13,Grocery,3.4,0
35.0,8,Retail,4.0,0
609.0,17,Retail,9.3,0
23.78,12,Retail,16.1,0
28.0,9,Retail,5.1,0
5.0,1,Gas,3.7,0
188.0,7,Online,4.3,0
283.91,19,Online,1.2,0
648.0,11,ATM,15.7,1
350.0,10,Online,5.3,0
31.98,22,Grocery,2.1,0
78.79,18,Restaurant,1.1,0
45.47,13,Grocery,4.4,0
173.66,13,Online,3.0,0
2.69,8,Gas,7.2,0
15.0,20,Retail,9.0,0
90.73,23,Retail,1.2,0
18.46,0,Retail,2.1,0
4.82,22,Restaurant,12.1,0
82.8,16,Grocery,7.2,0
412.2,6,Grocery,2.4,0
1096.99,18,Online,26.1,1
133.6,18,Online,3.8,0
24.95,3,Retail,1.7,0
0.99,7,Gas,2.1,0
29.0,20,Retail,2.1,0
329.78,20,Online,1.9,0
19.73,13,Retail,35.8,1
68.52,20,Grocery,1.6,0
241.98,19,Retail,2.3,0
360.0,13,Online,54.0,1
1.0,22,Gas,4.3,0
5.65,11,Restaurant,4.9,0
5.91,14,Gas,1.2,0
9.99,12,Gas,4.5,0
15.18,17,Restaurant,2.0,0
699.0,11,Wire,1.5,0
1.29,0,Grocery,2.2,0
265.0,14,Online,1.9,0
1.0,0,Restaurant,2.1,0
24.4,13,Grocery,3.7,0
20.98,20,Restaurant,2.6,0
426.4,19,ATM,30.3,1
0.01,12,Restaurant,9.2,0
33.0,12,Online,1.3,0
72.81,10,Retail,5.2,0
9.99,13,Restaurant,4.5,0
70.0,15,Online,1.5,0
25.31,14,Retail,7.5,0
19.63,1,Retail,3.1,0
1.98,8,Restaurant,4.2,0
108.0,13,Online,5.9,0
1.0,16,Online,71.3,1
52.0,15,Grocery,2.0,0
27.0,23,Grocery,2.8,0
7.99,7,Gas,10.8,0
170.0,15,Online,7.5,0
104.0,7,Grocery,5.3,0
66.0,19,Online,8.7,0
0.99,9,Grocery,8.1,0
1.0,10,Gas,4.9,0
11.0,3,Restaurant,6.4,0
19.48,15,Retail,3.5,0
120.8,12,Retail,8.8,0
444.17,15,Wire,28.1,1
14.31,19,Retail,6.3,0
19.34,9,Retail,4.2,0
2.95,7,Grocery,4.4,0
149.15,14,Online,1.3,0
39.71,13,Retail,1.0,0
9.99,18,Gas,1.3,0
5.49,16,Restaurant,4.4,0
55.54,19,Online,3.2,0
65.35,15,Retail,1.8,0
1.0,12,ATM,56.5,1
5.49,19,Restaurant,0.9,0
235.4,15,Grocery,7.9,0
504.01,11,ATM,5.4,0
102.0,11,Grocery,4.2,0
3.56,22,Restaurant,0.7,0
549.06,18,Online,43.4,1
4.43,12,Gas,2.4,0
1.79,10,Restaurant,1.5,0
9.99,4,Gas,1.6,0
11.5,15,Retail,3.2,0
58.68,21,Restaurant,5.0,0
20.4,10,Online,3.1,0
59.0,1,Restaurant,2.2,0
89.99,5,Restaurant,1.5,0
0.99,19,Gas,3.1,0
9.13,9,ATM,36.4,1
9.99,17,Restaurant,3.3,0
99.99,15,Restaurant,1.5,0
5.99,14,Restaurant,2.5,0
150.0,19,Grocery,3.6,0
8.54,2,ATM,39.4,1
24.18,22,Grocery,0.9,0
16.99,21,Grocery,1.4,0
110.07,16,Online,2.0,0
1.0,23,Gas,1.0,0
40.78,17,Online,2.2,0
89.99,13,Grocery,4.7,0
40.5,8,Online,1.9,0
1.79,15,Restaurant,7.3,0
328.02,6,Online,1.2,0
30.31,2,ATM,25.4,1
93.35,11,ATM,147.4,1
186.13,6,Online,17.3,1
92.0,7,Grocery,2.5,0
1.0,11,Wire,98.0,1
2.12,5,Restaurant,2.3,0
19.0,10,Restaurant,3.9,0
43.84,13,Restaurant,4.4,0
1.0,13,Wire,42.8,1
261.56,2,Grocery,5.2,0
144.0,11,Retail,16.5,0
0.76,20,Grocery,4.0,0
0.89,2,Gas,5.1,0
11.5,18,Grocery,2.3,0
6.56,21,Grocery,4.9,0
0.89,19,Gas,7.8,0
459.07,11,Online,23.7,1
303.9,21,Retail,3.8,0
0.76,23,Online,18.5,1
675.49,11,Online,5.4,0
0.89,8,Restaurant,2.5,0
19.5,11,Online,3.0,0
59.68,11,Online,38.2,1
1.0,23,Retail,14.9,1
4.0,12,Restaurant,3.7,0
37.5,9,Online,3.2,0
0.89,16,Restaurant,3.6,0
10.0,23,Online,1.3,0
220.0,12,Grocery,5.8,0
99.99,14,Online,22.4,1
0.76,22,Restaurant,2.0,0
1090.4,11,Online,2.8,0
88.0,9,Retail,4.9,0
20.3,18,Retail,2.5,0
100.0,16,Grocery,3.3,0
201.8,13,Online,4.4,0
11.5,23,Grocery,5.7,0
28.0,20,Restaurant,2.0,0
119.9,20,Grocery,8.1,0
1.0,3,Retail,45.2,1
88.23,11,Wire,49.7,1
0.89,18,Restaurant,3.7,0
3.6,19,Gas,3.4,0
1.0,1,Gas,2.3,0
46.0,19,Online,1.6,0
1.98,20,Restaurant,2.6,0
11.83,17,Grocery,6.5,0
171.0,10,Retail,7.7,0
9.03,23,Gas,5.1,0
1.29,21,Grocery,9.9,0
797.47,9,Wire,2.2,0
11.06,12,Grocery,7.5,0
1.0,3,Online,20.4,1
285.55,23,Online,5.0,0
1441.06,20,Wire,1.3,0
0.0,11,Wire,21.0,1
6.28,12,Grocery,5.3,0
6.99,21,Grocery,2.4,0
1.98,18,Restaurant,2.8,0
418.08,10,Online,3.2,0
60.0,19,Grocery,2.0,0
7.5,23,Grocery,1.4,0
11.5,15,Retail,4.8,0
38.76,1,Wire,20.5,1
440.2,13,Online,5.3,0
121.0,16,Online,5.5,0
1.79,0,Grocery,0.9,0
9.99,22,Grocery,2.1,0
42.81,0,Online,8.6,0
6.89,9,Restaurant,2.4,0
49.99,12,Retail,3.8,0
0.0,23,ATM,49.1,1
5.0,15,Gas,2.2,0
1335.0,12,ATM,6.0,1
1.0,13,Online,17.2,1
54.0,16,Online,3.8,0
17.99,0,Online,3.1,0
1.0,18,Retail,18.2,1
74.95,10,Grocery,1.4,0
11.85,5,Restaurant,1.8,0
22.0,17,Online,1.3,0
25.78,11,Online,1.7,0
81.77,20,Grocery,2.3,0
469.92,19,Retail,1.8,0
80.96,8,Online,1.5,0
898.86,7,Online,6.1,0
2.69,16,Gas,0.8,0
529.0,0,ATM,34.9,1
1.0,13,ATM,26.3,1
19.13,10,Retail,2.1,0
23.66,12,Grocery,2.8,0
3.59,17,Restaurant,5.1,0
92.93,21,Online,3.4,0
293.9,12,Grocery,5.7,0
16.18,18,Grocery,2.2,0
18.96,22,Online,6.5,0
20.0,17,Grocery,2.2,0
49.99,21,Grocery,6.0,0
99.0,23,Grocery,2.5,0
101.19,12,Grocery,3.5,0
10.6,5,Retail,3.3,0
9.99,19,Restaurant,4.6,0
101.68,11,Online,2.1,0
52.0,12,Grocery,6.4,0
170.0,18,Grocery,3.5,0
22.12,13,Restaurant,1.0,0
2.0,11,Restaurant,2.3,0
826.02,14,Online,3.2,0
53.02,15,Online,6.5,0
0.76,7,Gas,2.0,0
51.95,0,Grocery,6.1,0
99.99,7,ATM,40.1,1
99.99,7,Online,121.9,1
82.94,13,Restaurant,1.3,0
5.41,18,Gas,4.6,0
30.22,19,Grocery,1.2,0
500.0,18,ATM,3.0,0
180.78,19,Online,5.3,0
74.34,19,Online,3.1,0
112.45,14,ATM,32.3,1
1.99,19,Restaurant,5.9,0
12.97,8,Restaurant,8.6,0
26.29,3,Retail,2.2,0
134.1,11,Grocery,1.0,0
2.0,6,Gas,2.7,0
3.08,7,Restaurant,7.9,0
2.12,6,Grocery,4.1,0
1.98,0,Restaurant,5.0,0
3.59,1,Restaurant,4.9,0
7.59,4,ATM,32.7,1
571.48,2,ATM,17.9,1
21.03,17,Retail,4.3,0
15.0,15,Grocery,0.9,0
6.99,1,Wire,34.3,1
8.0,14,ATM,69.7,1
1.0,19,Gas,1.4,0
15.3,5,Retail,1.1,0
288.15,17,Retail,1.4,0
1.0,12,Online,65.8,1
379.45,18,Retail,1.0,0
4.49,22,Restaurant,10.0,0
0.75,20,Restaurant,2.4,0
24.9,12,Online,31.0,1
0.79,15,Restaurant,4.0,0
40.0,22,Online,3.7,0
4.49,23,Gas,2.9,0
1.18,16,Online,9.6,1
1.0,2,Retail,53.7,1
154.26,20,Online,12.1,0
7.57,6,Gas,2.1,0
63.0,10,Restaurant,5.5,0
34.66,15,Retail,1.9,0
252.84,21,Online,3.0,0
1.0,7,Gas,4.1,0
12.55,9,Grocery,8.7,0
11.5,8,Restaurant,12.1,0
1.0,15,Online,35.1,1
0.77,20,ATM,43.9,1
1.98,17,Restaurant,3.9,0
1.98,10,Gas,0.8,0
7.75,2,Restaurant,3.3,0
2.0,10,Grocery,3.0,0
1.46,12,Grocery,4.8,0
70.0,6,Grocery,3.4,0
90.0,14,Grocery,3.5,0
71.55,15,Grocery,1.6,0
13.53,18,Retail,2.9,0
13.53,13,Grocery,2.4,0
127.48,23,Online,3.7,0
3.14,19,ATM,31.0,1
385.77,13,Online,2.2,0
106.7,21,Grocery,4.1,0
40.85,10,Restaurant,5.1,0
0.89,20,Restaurant,12.1,0
0.99,21,Gas,3.3,0
1.0,6,Restaurant,2.3,0
0.0,17,Wire,6.9,1
55.77,20,Retail,3.4,0
2775.17,14,Wire,2.5,0
364.19,11,Wire,15.8,1
1.0,2,ATM,52.7,1
1.52,11,Online,19.2,1
0.68,8,ATM,6.4,1
35.35,12,Online,3.0,0
57.01,14,Restaurant,4.3,0
19.95,21,Online,1.7,0
4.0,14,Grocery,1.2,0
3.59,16,Grocery,10.2,0
83.5,18,Restaurant,5.8,0
2.0,12,ATM,34.1,1
34.0,12,Restaurant,8.0,0
156.5,5,Retail,2.1,0
127.69,12,Retail,3.2,0
11.5,20,Restaurant,2.9,0
1.0,10,Gas,9.6,0
63.22,21,Retail,2.8,0
1.0,11,Online,25.0,1
1.18,0,Wire,32.6,1
1.59,17,Online,39.4,1
1.0,23,Gas,6.7,0
193.6,12,Online,7.1,0
11.48,17,Grocery,6.2,0
0.89,6,Gas,1.0,0
189.03,15,Retail,2.2,0
1.98,10,Grocery,2.4,0
35.0,22,Restaurant,2.8,0
53.9,13,Restaurant,7.0,0
8.49,17,Gas,6.0,0
1.0,5,ATM,15.8,1
43.8,17,Restaurant,3.2,0
160.0,10,Online,7.9,0
39.18,23,Grocery,1.7,0
7.42,10,Grocery,2.2,0
0.89,10,Restaurant,4.8,0
106.9,21,Online,40.2,1
1.0,17,Gas,6.0,0
0.89,18,Gas,3.9,0
11.32,18,Retail,6.9,0
69.0,16,Retail,3.2,0
1.0,2,Online,29.4,1
101.41,9,Online,5.0,0
69.35,10,Online,36.0,0
15.0,13,Grocery,4.4,0
4.57,3,Gas,6.9,0
0.0,9,ATM,152.5,1
8.99,20,Grocery,4.8,0
45.94,16,Retail,3.2,0
130.99,18,Grocery,3.5,0
1.79,16,Gas,4.0,0
15.0,20,Restaurant,2.2,0
11.99,16,Grocery,3.7,0
281.34,18,Online,4.5,0
12.0,18,Retail,1.9,0
15.48,10,Restaurant,8.4,0
80.0,12,Restaurant,2.0,0
0.76,22,Grocery,5.0,0
9.99,8,Grocery,4.9,0
82.0,1,Restaurant,2.6,0
0.89,8,Restaurant,2.9,0
6.7,13,Grocery,11.7,0
156.6,16,Online,2.5,0
634.3,22,Retail,10.2,1
24.11,11,Online,3.6,0
25.0,21,Grocery,4.9,0
106.55,11,Online,155.1,1
110.85,8,Online,4.0,0
29.95,20,Online,67.7,1
1.0,14,Grocery,3.8,0
9.99,16,Gas,7.2,0
29.99,22,Retail,3.6,0
9.13,14,Restaurant,5.6,0
181.78,12,Retail,3.3,0
12.0,10,Restaurant,1.7,0
69.99,23,Restaurant,13.5,0
2.49,12,Gas,9.0,0
23.66,8,Grocery,16.0,0
0.17,14,Restaurant,4.8,0
13.99,13,Grocery,2.0,0
45.39,20,Grocery,4.7,0
5.0,13,Restaurant,4.1,0
54.99,12,Retail,3.2,0
50.0,9,Retail,6.3,0
1.0,5,ATM,3.6,1
99.99,7,ATM,53.0,1
11.38,11,Retail,32.9,1
3.59,10,Gas,4.5,0
29.0,11,Online,5.5,0
1.0,18,Online,13.6,1
0.83,15,Online,19.0,1
40.15,9,Retail,1.6,0
4.68,8,Restaurant,5.1,0
11.27,6,Retail,3.0,0
44.0,17,Grocery,4.9,0
942.76,17,Wire,6.2,0
51.37,18,Online,20.6,1
45.0,18,Retail,2.7,0
8.99,20,Gas,2.4,0
1.98,17,Restaurant,0.6,0
1.98,19,Restaurant,6.8,0
0.76,11,ATM,28.0,1
1.0,2,ATM,155.4,1
236.01,13,Online,11.5,0
116.99,8,Retail,3.1,0
1.0,11,Retail,46.8,1
79.99,23,Grocery,0.9,0
59.85,15,Grocery,2.0,0
1.71,12,Gas,1.8,0
49.99,21,Restaurant,7.9,0
14.58,12,Retail,6.3,0
3.99,22,Restaurant,13.2,0
15.0,18,Grocery,2.7,0
0.76,9,Retail,18.0,1
83.38,11,ATM,146.7,1
33.63,9,Online,4.6,0
85.9,2,Online,2.5,0
200.04,15,Online,1.1,0
15.8,18,Grocery,4.6,0
0.89,18,Grocery,6.4,0
12.99,17,Retail,2.6,0
4.99,15,Grocery,9.3,0
1.98,16,Gas,8.0,0
1.29,23,Gas,2.1,0
0.01,20,Restaurant,5.0,0
11.99,23,Restaurant,6.3,0
15.95,4,Retail,9.9,0
357.2,17,Retail,2.0,0
80.0,14,Grocery,2.9,0
1.0,18,Online,51.7,1
59.15,15,Online,1.7,0
208.36,14,Grocery,4.5,0
17.99,20,Online,5.3,0
1.98,18,Gas,3.6,0
49.99,17,Grocery,4.6,0
116.1,15,Grocery,1.9,0
24.49,17,Retail,1.6,0
308.95,19,Retail,6.4,0
9.82,3,Online,64.7,1
8.64,2,ATM,96.9,1
219.8,21,ATM,46.3,1
39.95,20,Grocery,1.0,0
12.31,21,ATM,15.1,1
10.1,13,Restaurant,2.7,0
67.43,1,Online,4.9,0
1.0,11,Gas,10.5,0
302.54,21,Online,3.7,0
177.42,19,Online,3.8,0
7.69,14,Restaurant,4.7,0
224.88,16,Retail,2.3,0
150.0,10,Retail,1.5,0
60.57,9,Online,2.0,0
2.28,4,ATM,72.5,1
48.0,11,Restaurant,4.2,0
11.95,19,Online,20.0,0
99.99,7,Wire,7.8,1
2.99,17,Restaurant,1.8,0
1.0,11,Wire,164.2,1
0.76,11,Restaurant,5.4,0
2.0,18,Restaurant,4.6,0
73.0,17,Retail,1.5,0
1.0,18,Grocery,4.9,0
489.71,18,Online,52.3,1
143.45,10,Online,21.6,0
0.76,14,Grocery,0.8,0
10.0,5,Online,4.2,0
5.0,12,Grocery,5.4,0
720.38,17,Wire,34.6,1
32.82,12,Restaurant,3.8,0
4.99,19,Restaurant,1.9,0
1.0,12,Grocery,2.2,0
12.99,20,Grocery,1.7,0
29.95,7,Restaurant,1.4,0
0.01,17,Gas,3.6,0
12.0,10,Restaurant,3.9,0
7.6,7,Gas,3.3,0
23.0,21,Online,4.8,0
15.0,21,Grocery,2.3,0
89.99,8,Online,1.1,0
29.45,14,Online,9.1,0
31.4,11,Online,1.9,0
10.0,21,Grocery,2.7,0
1.0,11,Online,10.8,1
61.61,16,Grocery,4.4,0
98.92,13,Online,3.5,0
39.0,4,Grocery,0.8,0
1.29,10,Grocery,2.0,0
0.76,3,ATM,79.8,1
1.0,22,Restaurant,3.1,0
65.08,14,Online,1.5,0
0.01,2,ATM,17.8,1
229.95,17,Grocery,6.1,0
3.37,0,Gas,6.5,0
2.0,10,Grocery,4.0,0
1.29,18,Restaurant,3.2,0
16.88,9,Restaurant,3.4,0
24.98,18,Retail,2.0,0
354.33,23,Online,82.9,1
19.59,18,Retail,26.7,1
237.26,17,ATM,10.2,1
104.0,17,Retail,3.6,0
46.0,19,Grocery,6.8,0
1.0,21,Gas,1.4,0
114.98,21,Grocery,6.1,0
1.98,15,Gas,3.6,0
60.0,18,Grocery,2.1,0
84.1,13,Grocery,3.6,0
11.19,10,Retail,6.9,0
1.79,23,Grocery,0.9,0
0.0,1,Gas,6.6,0
84.0,21,Online,3.9,0
49.99,23,Online,4.6,0
374.09,19,Retail,1.6,0
1.29,14,Restaurant,3.6,0
108.1,16,Retail,4.2,0
299.9,0,Grocery,4.0,0
9.99,20,Restaurant,4.3,0
16.44,15,Grocery,10.1,0
102.69,19,Retail,3.8,0
10.0,12,Online,1.0,0
15.0,14,Restaurant,1.6,0
298.0,16,Grocery,4.7,0
87.68,0,Online,1.5,0
10.0,13,Restaurant,2.3,0
50.0,16,Online,5.8,0
538.85,19,Online,1.2,0
182.2,22,Online,2.1,0
17.82,15,Retail,5.8,0
0.31,11,Grocery,3.3,0
21.99,8,Online,7.5,0
80.22,6,Wire,30.6,1
60.85,21,Grocery,2.4,0
4.49,20,Gas,4.2,0
9.59,9,Gas,3.0,0
0.89,14,Grocery,4.3,0
2.0,23,Grocery,2.2,0
60.0,17,Restaurant,8.8,0
0.76,18,ATM,62.9,1
35.95,10,Restaurant,1.2,0
84.62,10,Online,0.6,0
50.0,14,Restaurant,3.8,0
1.46,19,Grocery,3.5,0
152.52,18,Retail,2.0,0
144.82,21,Online,15.6,0
925.31,13,Online,15.6,1
9.42,12,Grocery,11.5,0
0.89,16,Restaurant,8.6,0
156.0,9,Online,1.7,0
9.95,0,Gas,5.2,0
99.99,7,Wire,45.0,1
47.0,1,Retail,2.3,0
45.51,20,Online,102.4,1
1.0,2,Online,97.5,1
0.89,23,Restaurant,1.7,0
1.0,7,Grocery,3.6,0
134.0,9,Online,4.6,0
49.95,10,Retail,2.8,0
5.38,22,Restaurant,1.2,0
7.99,17,Gas,4.5,0
512.65,15,ATM,2.9,0
65.86,13,Restaurant,7.4,0
210.89,21,Retail,2.5,0
0.0,4,Wire,28.7,1
0.0,13,Online,38.7,1
62.1,21,Grocery,9.3,0
19.04,17,Retail,25.9,1
1.0,7,Grocery,0.4,0
435.7,12,Online,2.6,0
4.69,20,ATM,39.3,1
158.0,10,Retail,1.8,0
4.94,14,Restaurant,3.8,0
311.28,20,Online,51.1,1
0.0,23,Online,16.6,1
5.49,21,Restaurant,3.2,0
5.0,0,Restaurant,2.7,0
83.42,21,Restaurant,3.8,0
69.99,0,Online,3.4,0
99.99,7,ATM,30.2,1
75.0,13,Restaurant,6.7,0
3.9,19,Online,20.6,1
104.81,8,Wire,12.7,1
250.0,18,Retail,4.7,0
907.6,17,Wire,2.0,0
3.56,16,Gas,0.9,0
9.49,21,Gas,4.2,0
296.0,20,Online,42.9,1
1.54,11,Restaurant,5.1,0
104.03,2,Wire,69.3,1
202.94,12,Online,1.2,0
12.99,16,Grocery,4.9,0
1.0,12,Restaurant,1.3,0
1.0,21,ATM,32.2,1
5.37,19,Grocery,12.9,0
0.76,17,ATM,32.0,1
280.38,18,Grocery,14.5,0
480.72,12,Wire,43.6,1
4.49,20,Gas,1.5,0
443.0,18,Online,3.0,0
37.73,13,Online,1.8,0
200.0,14,Grocery,2.1,0
996.27,16,ATM,24.5,1
135.0,19,Retail,3.8,0
70.0,16,Restaurant,4.6,0
1.0,19,Restaurant,8.1,0
6.27,16,Wire,64.5,1
9.99,20,Grocery,2.8,0
1.0,6,ATM,33.2,1
71.65,12,Retail,3.6,0
94.29,21,Grocery,1.5,0
5.46,17,Restaurant,2.0,0
82.61,12,Online,1.0,0
15.0,13,Retail,3.8,0
2.49,23,Grocery,1.4,0
20.0,5,Restaurant,1.5,0
55.0,15,Online,2.3,0
111.7,10,Wire,31.2,1
18.98,16,Retail,34.3,1
8.36,19,Restaurant,4.2,0
15.21,11,Online,2.8,0
129.0,21,ATM,94.6,1
21.1,21,Retail,1.4,0
3.12,6,Wire,73.7,1
3.22,10,ATM,7.0,1
9.73,14,Restaurant,6.2,0
15.95,4,Retail,2.3,0
1.0,5,Wire,23.3,1
54.0,23,Retail,3.1,0
1.59,17,ATM,23.5,1
113.62,11,Grocery,4.7,0
78.0,2,Wire,86.3,1
20.06,11,Retail,0.9,0
1.0,22,Gas,4.1,0
16.07,19,Restaurant,2.0,0
15.0,12,Retail,2.8,0
1389.56,16,Online,16.1,1
68.7,13,Restaurant,1.9,0
107.0,11,Online,1.2,0
1.0,8,Restaurant,1.4,0
635.1,6,ATM,23.8,1
112.7,21,Grocery,1.3,0
2.8,16,Restaurant,2.5,0
1.0,23,Grocery,5.3,0
62.0,18,Retail,0.6,0
147.6,17,Grocery,2.1,0
1.0,23,Restaurant,2.2,0
28.0,11,Retail,4.4,0
73.0,0,Restaurant,3.1,0
10.7,17,Wire,51.0,1
43.16,14,Retail,2.0,0
176.61,9,Grocery,3.0,0
4.0,9,Restaurant,0.7,0
256.97,13,Retail,5.8,0
148.22,17,Retail,5.4,0
1.0,16,Online,67.8,1
97.9,11,Restaurant,2.5,0
0.76,19,Restaurant,2.4,0
1.0,0,Restaurant,0.6,0
10.0,18,Retail,1.2,0
89.93,14,Restaurant,5.2,0
64.0,22,Retail,2.3,0
4.6,15,Gas,5.7,0
19.45,23,Grocery,2.8,0
75.86,2,ATM,34.7,1
89.9,18,Restaurant,6.2,0
19.1,19,Grocery,2.1,0
33.83,17,Grocery,5.9,0
2.48,12,Grocery,3.2,0
94.82,16,ATM,32.3,1
11.35,11,Online,9.6,0
47.89,9,Restaurant,8.9,0
64.65,14,Restaurant,10.8,0
4.62,18,Restaurant,4.6,0
1.0,22,Restaurant,4.5,0
512.25,23,ATM,5.7,1
423.88,14,Grocery,10.9,0
4.18,14,Grocery,1.2,0
208.58,13,ATM,15.6,1
14.0,21,Online,2.9,0
133.12,10,Grocery,8.6,0
98.5,8,Grocery,3.8,0
4.87,11,Online,66.7,1
352.75,13,Online,3.7,0
0.77,11,Gas,0.9,0
0.89,8,Gas,4.0,0
320.01,15,Online,108.6,1
49.99,20,Restaurant,2.0,0
5.0,12,Gas,2.1,0
9.12,21,Gas,1.4,0
8.49,0,Grocery,13.3,0
75.1,12,Restaurant,9.3,0
451.58,16,Retail,0.5,0
0.89,10,Gas,4.4,0
82.32,23,Retail,3.6,0
128.76,13,Retail,1.5,0
324.0,10,Retail,12.2,0
187.0,23,Online,2.1,0
9.99,22,Restaurant,2.1,0
19.95,9,Restaurant,3.6,0
269.64,12,Retail,1.8,0
15.0,14,Grocery,2.9,0
134.63,15,Retail,2.9,0
0.76,19,ATM,59.9,1
9.45,0,Gas,5.1,0
11.39,4,Online,25.0,1
84.95,14,Grocery,3.4,0
2.69,19,Gas,3.2,0
15.0,13,Online,6.9,0
0.0,17,Online,10.5,1
1.0,18,Wire,56.6,1
3.59,22,Restaurant,1.3,0
4.95,10,Gas,4.2,0
1.0,14,Gas,7.4,0
1.98,12,Restaurant,3.9,0
1.0,14,Restaurant,3.8,0
1213.0,16,Online,4.9,0
39.62,17,Grocery,2.3,0
7.68,10,Grocery,2.0,0
49.98,19,Grocery,1.0,0
53.9,10,Restaurant,5.1,0
120.54,14,Wire,22.3,1
29.4,21,Online,2.5,0
0.0,18,Gas,3.0,0
16.53,13,Restaurant,4.4,0
108.9,13,Retail,4.0,0
301.55,13,Online,3.1,0
190.94,15,Retail,7.6,0
1282.49,15,Online,2.0,0
98.36,15,Retail,5.3,0
4.53,22,Restaurant,7.3,0
42.9,21,Restaurant,4.9,0
22.5,21,Restaurant,8.5,0
129.0,9,Retail,1.8,0
142.19,13,Grocery,9.0,0
84.28,13,Online,20.1,1
1.54,11,Grocery,6.3,0
17.99,8,Retail,3.8,0
8.36,19,Restaurant,2.3,0
132.58,13,Grocery,0.8,0
248.99,18,Online,4.2,0
88.0,12,Retail,19.8,1
34.99,12,Restaurant,3.4,0
1826.6,14,Online,1.6,0
12.0,15,Retail,2.0,0
452.96,15,Retail,1.7,0
21.1,23,Grocery,1.3,0
64.95,15,Grocery,5.2,0
311.91,15,Online,18.1,1
19.02,9,Retail,76.6,1
1.0,23,ATM,26.8,1
53.24,8,Retail,4.2,0
30.0,16,Online,0.8,0
147.87,4,Online,7.1,1
50.0,16,Online,1.7,0
22.65,11,Grocery,2.6,0
167.83,0,Retail,8.3,0
1.0,23,Restaurant,1.1,0
0.89,20,Restaurant,4.9,0
25.29,19,Restaurant,5.1,0
1.0,3,ATM,31.0,1
5.8,13,Restaurant,4.1,0
146.63,13,Grocery,4.4,0
0.99,21,Gas,5.9,0
99.99,7,ATM,15.8,1
229.99,11,Retail,2.0,0
1.29,23,Restaurant,3.9,0
23.32,12,Retail,8.3,0
318.11,19,Wire,19.0,1
113.28,19,Grocery,1.0,0
1.0,23,Retail,13.8,1
1.0,22,Gas,0.8,0
10.0,18,Online,1.4,0
295.72,21,Online,5.5,0
1.56,22,Restaurant,4.5,0
1.0,4,ATM,23.0,1
2.26,16,Restaurant,4.9,0
0.49,22,Gas,2.6,0
27.38,16,Retail,4.6,0
158.0,0,Grocery,3.2,0
1.0,2,Online,42.4,1
187.7,16,Retail,1.3,0
4.0,15,Restaurant,2.3,0
10.88,6,Restaurant,3.9,0
96.0,12,Restaurant,7.8,0
118.88,16,Online,2.8,0
193.46,17,Retail,1.9,0
0.76,18,Restaurant,15.3,0
146.72,14,Online,3.7,0
69.99,11,Restaurant,3.9,0
242.19,6,Online,7.5,0
228.18,11,Retail,2.2,0
1.0,21,Retail,7.8,1
16.3,23,Restaurant,3.4,0
30.0,14,Online,2.9,0
1.0,22,Grocery,1.6,0
34.0,11,Grocery,4.7,0
1.0,11,ATM,31.5,1
47.27,21,Restaurant,3.4,0
3.93,4,Online,74.7,1
5.6,9,Gas,3.9,0
99.99,7,Online,25.6,1
45.51,10,Online,12.7,1
11.5,18,Grocery,7.0,0
50.0,17,Online,35.1,1
4.49,17,Gas,2.0,0
0.0,17,ATM,15.0,1
99.99,7,ATM,16.0,1
500.0,19,ATM,7.9,0
18.23,16,Restaurant,3.1,0
90.9,12,Grocery,34.8,0
1645.46,21,Online,1.9,0
10.75,19,Retail,3.1,0
0.0,14,Restaurant,3.3,0
19.95,11,Online,3.7,0
6.99,5,Restaurant,6.6,0
1.0,5,Online,80.6,1
25.9,8,Restaurant,2.9,0
14.99,20,Grocery,2.4,0
312.0,11,Online,7.4,0
316.06,2,Online,18.4,1
20.0,10,Grocery,5.1,0
15.0,11,Retail,2.3,0
5.0,15,Grocery,1.8,0
1.63,2,Online,69.9,1
16.59,13,Grocery,2.8,0
1.79,12,Restaurant,5.9,0
2.0,17,Online,106.2,1
0.0,23,Gas,4.1,0
108.51,13,Wire,25.6,1
1.0,20,Restaurant,1.7,0
42.69,15,Online,9.5,0
1.0,11,Grocery,5.3,0
172.32,11,ATM,39.1,1
73.64,18,Online,2.3,0
0.0,17,Grocery,1.5,0
21.05,1,Online,3.8,0
8.59,14,Restaurant,1.4,0
519.9,14,Wire,20.5,1
20.0,17,Restaurant,6.7,0
4.95,16,Grocery,4.8,0
24.63,0,Restaurant,10.0,0
101.38,1,Grocery,1.1,0
10.67,17,Restaurant,9.6,0
